{
    "0": {
        "id": "220",
        "rate": 96,
        "achievement": 28.066666436917853,
        "cluster": 2
    },
    "1": {
        "id": "240",
        "rate": 88,
        "achievement": 20.46870748850764,
        "cluster": 2
    },
    "2": {
        "id": "380",
        "rate": 87,
        "achievement": 31.015384967510517,
        "cluster": 2
    },
    "3": {
        "id": "400",
        "rate": 90,
        "achievement": 25.599999332427977,
        "cluster": 2
    },
    "4": {
        "id": "420",
        "rate": 90,
        "achievement": 43.89565181732178,
        "cluster": 2
    },
    "5": {
        "id": "550",
        "rate": 89,
        "achievement": 11.1801979580138,
        "cluster": 2
    },
    "6": {
        "id": "620",
        "rate": 95,
        "achievement": 25.429411841373817,
        "cluster": 2
    },
    "7": {
        "id": "730",
        "rate": 83,
        "achievement": 20.46227544010756,
        "cluster": 0
    },
    "8": {
        "id": "1250",
        "rate": 72,
        "achievement": 7.834736796847561,
        "cluster": 1
    },
    "9": {
        "id": "49520",
        "rate": 89,
        "achievement": 24.713333230018616,
        "cluster": 2
    },
    "10": {
        "id": "105600",
        "rate": 83,
        "achievement": 31.17913037694019,
        "cluster": 0
    },
    "11": {
        "id": "203140",
        "rate": 79,
        "achievement": 40.785106116152825,
        "cluster": 0
    },
    "12": {
        "id": "203770",
        "rate": 82,
        "achievement": 2.577639751552795,
        "cluster": 0
    },
    "13": {
        "id": "206440",
        "rate": 81,
        "achievement": 29.700000762939453,
        "cluster": 0
    },
    "14": {
        "id": "218620",
        "rate": 79,
        "achievement": 7.284703193269273,
        "cluster": 0
    },
    "15": {
        "id": "222880",
        "rate": 74,
        "achievement": 8.98799998998642,
        "cluster": 1
    },
    "16": {
        "id": "232090",
        "rate": 75,
        "achievement": 10.938815735280514,
        "cluster": 1
    },
    "17": {
        "id": "236390",
        "rate": 81,
        "achievement": 9.93584902106591,
        "cluster": 0
    },
    "18": {
        "id": "242760",
        "rate": 83,
        "achievement": 20.742222338252596,
        "cluster": 0
    },
    "19": {
        "id": "252490",
        "rate": 69,
        "achievement": 16.969999951620895,
        "cluster": 1
    },
    "20": {
        "id": "261640",
        "rate": 75,
        "achievement": 21.998412752908372,
        "cluster": 1
    },
    "21": {
        "id": "265930",
        "rate": 62,
        "achievement": 9.306299188005642,
        "cluster": 1
    },
    "22": {
        "id": "271590",
        "rate": 96,
        "achievement": 18.24155840935645,
        "cluster": 2
    },
    "23": {
        "id": "312660",
        "rate": 78,
        "achievement": 13.447058886640212,
        "cluster": 0
    },
    "24": {
        "id": "322500",
        "rate": 82,
        "achievement": 30.719230972803555,
        "cluster": 0
    },
    "25": {
        "id": "346110",
        "rate": 70,
        "achievement": 12.415624909102917,
        "cluster": 1
    },
    "26": {
        "id": "362890",
        "rate": 84,
        "achievement": 13.396000106334686,
        "cluster": 0
    },
    "27": {
        "id": "367520",
        "rate": 87,
        "achievement": 24.16190483456566,
        "cluster": 2
    },
    "28": {
        "id": "374320",
        "rate": 89,
        "achievement": 39.802325703376944,
        "cluster": 2
    },
    "29": {
        "id": "379720",
        "rate": 85,
        "achievement": 16.353703609219306,
        "cluster": 0
    },
    "30": {
        "id": "389730",
        "rate": 82,
        "achievement": 39.63809512910389,
        "cluster": 0
    },
    "31": {
        "id": "391220",
        "rate": 86,
        "achievement": 16.401398583725616,
        "cluster": 0
    },
    "32": {
        "id": "391720",
        "rate": 72,
        "achievement": 16.181481590977423,
        "cluster": 1
    },
    "33": {
        "id": "394510",
        "rate": 83,
        "achievement": 24.387179668133076,
        "cluster": 0
    },
    "34": {
        "id": "397540",
        "rate": 81,
        "achievement": 23.287654248284706,
        "cluster": 0
    },
    "35": {
        "id": "397950",
        "rate": 76,
        "achievement": 36.79473659866735,
        "cluster": 1
    },
    "36": {
        "id": "405640",
        "rate": 86,
        "achievement": 47.230000257492065,
        "cluster": 0
    },
    "37": {
        "id": "414700",
        "rate": 75,
        "achievement": 15.42916669944922,
        "cluster": 1
    },
    "38": {
        "id": "418370",
        "rate": 83,
        "achievement": 26.267241210773072,
        "cluster": 0
    },
    "39": {
        "id": "460950",
        "rate": 83,
        "achievement": 24.272727326913312,
        "cluster": 0
    },
    "40": {
        "id": "477160",
        "rate": 70,
        "achievement": 14.08521732662035,
        "cluster": 1
    },
    "41": {
        "id": "519860",
        "rate": 88,
        "achievement": 16.306666656335196,
        "cluster": 2
    },
    "42": {
        "id": "548430",
        "rate": 85,
        "achievement": 18.266666695691537,
        "cluster": 0
    },
    "43": {
        "id": "594650",
        "rate": 81,
        "achievement": 20.72972972972973,
        "cluster": 0
    },
    "44": {
        "id": "601150",
        "rate": 89,
        "achievement": 23.552727296135643,
        "cluster": 2
    },
    "45": {
        "id": "632360",
        "rate": 85,
        "achievement": 31.719491647461712,
        "cluster": 0
    },
    "46": {
        "id": "673130",
        "rate": 85,
        "achievement": 24.47567579552934,
        "cluster": 0
    },
    "47": {
        "id": "728880",
        "rate": 81,
        "achievement": 13.455555631054771,
        "cluster": 0
    },
    "48": {
        "id": "782330",
        "rate": 88,
        "achievement": 20.985999925136568,
        "cluster": 2
    },
    "49": {
        "id": "945360",
        "rate": 85,
        "achievement": 10.599999988620931,
        "cluster": 0
    },
    "50": {
        "id": "1040420",
        "rate": 80,
        "achievement": 17.833333455191717,
        "cluster": 0
    },
    "51": {
        "id": "1127500",
        "rate": 87,
        "achievement": 24.40869570361531,
        "cluster": 2
    },
    "52": {
        "id": "1172470",
        "rate": 88,
        "achievement": 31.974999984105427,
        "cluster": 2
    },
    "53": {
        "id": "1237970",
        "rate": 86,
        "achievement": 36.78999987125397,
        "cluster": 0
    },
    "54": {
        "id": "1794680",
        "rate": 87,
        "achievement": 36.71739122465901,
        "cluster": 2
    }
}